id,time,coin,side,order_price,fill_price,contracts,filled_contracts,status,outcome,pnl,candle_start_time,candle_end_time,cross_direction,candle_open,prev_price,current_price,elapsed_sec,latency_ms,filled_cost
87922,2026-03-07 11:11:11.514364+00,btc,UP,0.700,0.670,16,16,CLOSED,WIN,5.2800,2026-03-07 11:00:00+00,2026-03-07 11:15:00+00,up,67880.31,67880.31,67887.11,671,353.9,10.7200
87917,2026-03-07 11:10:43.504421+00,btc,DOWN,0.700,0.480,8,8,CLOSED,LOSS,-3.8400,2026-03-07 11:00:00+00,2026-03-07 11:15:00+00,down,67880.31,67880.31,67880.30,643,363.8,3.8400
87782,2026-03-07 09:43:24.47354+00,btc,UP,0.700,0.580,16,16,CLOSED,WIN,6.7200,2026-03-07 09:30:00+00,2026-03-07 09:45:00+00,up,67958.52,67957.29,67964.08,804,331.6,9.2800
87778,2026-03-07 09:43:12.468789+00,btc,DOWN,0.700,0.650,16,16,CLOSED,LOSS,-10.4000,2026-03-07 09:30:00+00,2026-03-07 09:45:00+00,down,67958.52,67968.15,67957.29,792,325.4,10.4000
87761,2026-03-07 09:42:12.849655+00,btc,UP,0.700,0.640,16,16,CLOSED,WIN,5.7600,2026-03-07 09:30:00+00,2026-03-07 09:45:00+00,up,67958.52,67950.82,67972.12,732,671.4,10.2400
87757,2026-03-07 09:42:09.489223+00,btc,DOWN,0.700,0.660,8,8,CLOSED,LOSS,-5.2800,2026-03-07 09:30:00+00,2026-03-07 09:45:00+00,down,67958.52,67958.59,67956.93,729,354.8,5.2800
87703,2026-03-07 09:25:24.524657+00,btc,DOWN,0.700,0.530,16,16,CLOSED,WIN,7.5200,2026-03-07 09:15:00+00,2026-03-07 09:30:00+00,down,67970.87,67973.99,67962.62,624,372.0,8.4800
87701,2026-03-07 09:25:23.495839+00,btc,UP,0.700,0.570,8,8,CLOSED,LOSS,-4.5600,2026-03-07 09:15:00+00,2026-03-07 09:30:00+00,up,67970.87,67967.89,67973.99,623,349.6,4.5600
87545,2026-03-07 08:13:52.521779+00,btc,DOWN,0.700,0.510,16,16,CLOSED,LOSS,-8.1600,2026-03-07 08:00:00+00,2026-03-07 08:15:00+00,down,67842.67,67846.75,67841.22,832,354.9,8.1600
87539,2026-03-07 08:13:45.483309+00,btc,UP,0.700,0.700,8,8,CLOSED,WIN,2.4000,2026-03-07 08:00:00+00,2026-03-07 08:15:00+00,up,67842.67,67842.00,67843.53,825,353.0,5.6000
87440,2026-03-07 07:41:45.498997+00,btc,UP,0.700,0.530,16,16,CLOSED,WIN,7.5200,2026-03-07 07:30:00+00,2026-03-07 07:45:00+00,up,67727.60,67720.88,67727.67,705,346.0,8.4800
87437,2026-03-07 07:41:28.513057+00,btc,DOWN,0.700,0.545,16,16,CLOSED,LOSS,-8.7260,2026-03-07 07:30:00+00,2026-03-07 07:45:00+00,down,67727.60,67727.90,67720.88,688,341.8,8.7260
87432,2026-03-07 07:41:26.498074+00,btc,UP,0.700,0.534,16,16,CLOSED,WIN,7.4600,2026-03-07 07:30:00+00,2026-03-07 07:45:00+00,up,67727.60,67719.53,67727.91,686,341.4,8.5400
87426,2026-03-07 07:41:13.549261+00,btc,DOWN,0.700,0.560,16,16,CLOSED,LOSS,-8.9600,2026-03-07 07:30:00+00,2026-03-07 07:45:00+00,down,67727.60,67727.90,67725.81,673,378.9,8.9600
87423,2026-03-07 07:41:12.569021+00,btc,UP,0.700,0.500,8,8,CLOSED,WIN,4.0000,2026-03-07 07:30:00+00,2026-03-07 07:45:00+00,up,67727.60,67718.85,67727.90,672,392.9,4.0000
87193,2026-03-07 06:40:12.568888+00,btc,UP,0.700,0.540,8,8,CLOSED,WIN,3.6800,2026-03-07 06:30:00+00,2026-03-07 06:45:00+00,up,67865.10,67856.73,67872.45,612,401.1,4.3200
86970,2026-03-07 05:10:39.134813+00,btc,DOWN,0.700,0.700,8,8,CLOSED,WIN,2.4000,2026-03-07 05:00:00+00,2026-03-07 05:15:00+00,down,68063.43,68106.99,68035.69,638,954.3,5.6000
86439,2026-03-07 01:41:28.529755+00,btc,UP,0.700,0.560,16,16,CLOSED,WIN,7.0400,2026-03-07 01:30:00+00,2026-03-07 01:45:00+00,up,68225.06,68223.29,68235.26,688,354.3,8.9600
86437,2026-03-07 01:41:24.534658+00,btc,DOWN,0.700,0.570,8,8,CLOSED,LOSS,-4.5600,2026-03-07 01:30:00+00,2026-03-07 01:45:00+00,down,68225.06,68226.41,68223.29,684,364.8,4.5600
86337,2026-03-07 01:12:04.513144+00,btc,DOWN,0.700,0.550,8,8,CLOSED,WIN,3.6000,2026-03-07 01:00:00+00,2026-03-07 01:15:00+00,down,68290.45,68292.65,68286.85,724,359.4,4.4000
86245,2026-03-07 00:25:30.238911+00,btc,UP,0.700,,16,0,FAILED,,,2026-03-07 00:15:00+00,2026-03-07 00:30:00+00,up,68214.04,68211.65,68222.12,630,101.4,0.0000
86242,2026-03-07 00:25:02.629585+00,btc,DOWN,0.700,0.550,8,8,CLOSED,WIN,3.6000,2026-03-07 00:15:00+00,2026-03-07 00:30:00+00,down,68214.04,68241.00,68206.77,602,442.5,4.4000
86148,2026-03-06 23:26:31.689695+00,btc,DOWN,0.700,0.520,16,16,CLOSED,LOSS,-8.3200,2026-03-06 23:15:00+00,2026-03-06 23:30:00+00,down,68334.55,68342.90,68332.14,691,510.8,8.3200
86137,2026-03-06 23:25:19.501021+00,btc,UP,0.700,0.570,8,8,CLOSED,WIN,3.4400,2026-03-06 23:15:00+00,2026-03-06 23:30:00+00,up,68334.55,68333.52,68334.79,619,357.0,4.5600
86088,2026-03-06 23:10:02.810968+00,btc,DOWN,0.700,0.640,8,8,CLOSED,LOSS,-5.1200,2026-03-06 23:00:00+00,2026-03-06 23:15:00+00,down,68319.89,68338.01,68298.90,602,648.0,5.1200
85967,2026-03-06 22:27:31.227972+00,btc,UP,0.700,,16,0,FAILED,,,2026-03-06 22:15:00+00,2026-03-06 22:30:00+00,up,68290.97,68284.39,68296.56,746,5063.8,0.0000
85962,2026-03-06 22:27:07.514154+00,btc,DOWN,0.700,0.660,8,8,CLOSED,WIN,2.7200,2026-03-06 22:15:00+00,2026-03-06 22:30:00+00,down,68290.97,68292.60,68288.84,727,367.8,5.2800
85917,2026-03-06 22:13:21.489078+00,btc,UP,0.700,0.650,16,16,CLOSED,WIN,5.6000,2026-03-06 22:00:00+00,2026-03-06 22:15:00+00,up,68289.10,68286.54,68294.13,801,339.5,10.4000
85906,2026-03-06 22:13:06.487103+00,btc,DOWN,0.700,0.570,16,16,CLOSED,LOSS,-9.1200,2026-03-06 22:00:00+00,2026-03-06 22:15:00+00,down,68289.10,68294.13,68285.42,786,329.9,9.1200
85898,2026-03-06 22:12:21.539576+00,btc,UP,0.700,0.640,16,16,CLOSED,WIN,5.7600,2026-03-06 22:00:00+00,2026-03-06 22:15:00+00,up,68289.10,68283.69,68293.68,741,363.5,10.2400
85886,2026-03-06 22:10:40.551787+00,btc,DOWN,0.700,0.560,8,8,CLOSED,LOSS,-4.4800,2026-03-06 22:00:00+00,2026-03-06 22:15:00+00,down,68289.10,68292.31,68288.00,640,396.4,4.4800
85826,2026-03-06 21:55:02.277911+00,btc,DOWN,0.700,,8,0,FAILED,,,2026-03-06 21:45:00+00,2026-03-06 22:00:00+00,down,68238.56,68245.34,68206.01,601,1098.4,0.0000
85452,2026-03-06 20:25:25.779674+00,btc,DOWN,0.700,0.550,8,8,CLOSED,WIN,3.6000,2026-03-06 20:15:00+00,2026-03-06 20:30:00+00,down,68014.44,68022.85,68011.19,625,580.6,4.4000
85360,2026-03-06 20:11:04.82818+00,btc,DOWN,0.700,0.690,8,8,CLOSED,WIN,2.4800,2026-03-06 20:00:00+00,2026-03-06 20:15:00+00,down,68131.79,68133.93,68106.24,664,644.4,5.5200
85301,2026-03-06 19:58:19.494904+00,btc,UP,0.700,0.540,16,16,CLOSED,LOSS,-8.6400,2026-03-06 19:45:00+00,2026-03-06 20:00:00+00,up,68143.98,68140.49,68144.96,799,335.9,8.6400
85284,2026-03-06 19:57:02.697717+00,btc,DOWN,0.700,0.569,16,16,CLOSED,WIN,6.8885,2026-03-06 19:45:00+00,2026-03-06 20:00:00+00,down,68143.98,68144.97,68138.87,722,493.5,9.1115
85281,2026-03-06 19:56:56.541508+00,btc,UP,0.700,0.580,8,8,CLOSED,LOSS,-4.6400,2026-03-06 19:45:00+00,2026-03-06 20:00:00+00,up,68143.98,68142.82,68144.60,716,372.5,4.6400
85161,2026-03-06 19:40:34.479902+00,btc,UP,0.700,0.620,16,16,CLOSED,LOSS,-9.9200,2026-03-06 19:30:00+00,2026-03-06 19:45:00+00,up,68216.47,68215.13,68217.16,634,333.2,9.9200
85159,2026-03-06 19:40:31.50759+00,btc,DOWN,0.700,0.440,16,16,CLOSED,WIN,8.9600,2026-03-06 19:30:00+00,2026-03-06 19:45:00+00,down,68216.47,68219.92,68215.14,631,358.2,7.0400
85157,2026-03-06 19:40:29.565038+00,btc,UP,0.700,0.600,8,8,CLOSED,LOSS,-4.8000,2026-03-06 19:30:00+00,2026-03-06 19:45:00+00,up,68216.47,68215.06,68219.92,629,396.6,4.8000
85040,2026-03-06 19:20:42.511269+00,btc,DOWN,0.700,0.493,16,16,CLOSED,WIN,8.1105,2026-03-06 19:15:00+00,2026-03-06 19:30:00+00,down,68438.52,68447.48,68438.05,342,346.9,7.8895
85037,2026-03-06 19:20:04.558174+00,btc,UP,0.700,0.540,16,16,CLOSED,LOSS,-8.6400,2026-03-06 19:15:00+00,2026-03-06 19:30:00+00,up,68438.52,68436.61,68443.46,304,383.5,8.6400
85035,2026-03-06 19:20:02.707119+00,btc,DOWN,0.700,0.500,8,8,CLOSED,WIN,4.0000,2026-03-06 19:15:00+00,2026-03-06 19:30:00+00,down,68438.52,68457.73,68438.34,302,525.0,4.0000
84796,2026-03-06 18:28:08.551348+00,btc,UP,0.700,0.540,16,16,CLOSED,LOSS,-8.6400,2026-03-06 18:15:00+00,2026-03-06 18:30:00+00,up,68329.24,68321.46,68332.02,788,369.8,8.6400
84790,2026-03-06 18:27:56.649959+00,btc,DOWN,0.700,0.620,16,16,CLOSED,WIN,6.0800,2026-03-06 18:15:00+00,2026-03-06 18:30:00+00,down,68329.24,68331.61,68322.00,776,470.1,9.9200
84713,2026-03-06 18:23:09.626467+00,btc,UP,0.700,0.480,16,16,CLOSED,LOSS,-7.6800,2026-03-06 18:15:00+00,2026-03-06 18:30:00+00,up,68329.24,68325.03,68329.78,489,434.2,7.6800
84710,2026-03-06 18:22:52.517576+00,btc,DOWN,0.700,0.570,16,16,CLOSED,WIN,6.8800,2026-03-06 18:15:00+00,2026-03-06 18:30:00+00,down,68329.24,68330.90,68324.32,472,333.7,9.1200
84708,2026-03-06 18:22:51.537582+00,btc,UP,0.700,0.522,16,15,CLOSED,LOSS,-7.8300,2026-03-06 18:15:00+00,2026-03-06 18:30:00+00,up,68329.24,68326.15,68330.90,471,349.3,7.8300
84706,2026-03-06 18:22:46.523862+00,btc,DOWN,0.700,0.550,16,16,CLOSED,WIN,7.2000,2026-03-06 18:15:00+00,2026-03-06 18:30:00+00,down,68329.24,68333.44,68326.14,466,348.7,8.8000
84704,2026-03-06 18:22:39.543437+00,btc,UP,0.700,0.510,16,16,CLOSED,LOSS,-8.1600,2026-03-06 18:15:00+00,2026-03-06 18:30:00+00,up,68329.24,68325.23,68330.93,459,378.0,8.1600
84701,2026-03-06 18:22:19.520097+00,btc,DOWN,0.700,0.520,16,16,CLOSED,WIN,7.6800,2026-03-06 18:15:00+00,2026-03-06 18:30:00+00,down,68329.24,68336.99,68328.13,439,344.3,8.3200
84695,2026-03-06 18:21:33.51679+00,btc,UP,0.700,0.500,16,16,CLOSED,LOSS,-8.0000,2026-03-06 18:15:00+00,2026-03-06 18:30:00+00,up,68329.24,68328.13,68333.28,393,369.9,8.0000
84693,2026-03-06 18:21:17.592646+00,btc,DOWN,0.700,0.540,8,8,CLOSED,WIN,3.6800,2026-03-06 18:15:00+00,2026-03-06 18:30:00+00,down,68329.24,68338.45,68326.47,377,392.3,4.3200
84363,2026-03-06 17:24:50.519625+00,btc,DOWN,0.700,0.569,16,15,CLOSED,WIN,6.4705,2026-03-06 17:15:00+00,2026-03-06 17:30:00+00,down,68403.61,68404.72,68400.53,590,355.3,8.5295
84361,2026-03-06 17:24:39.522914+00,btc,UP,0.700,0.500,16,16,CLOSED,LOSS,-8.0000,2026-03-06 17:15:00+00,2026-03-06 17:30:00+00,up,68403.61,68400.94,68404.21,579,351.2,8.0000
84357,2026-03-06 17:24:29.496984+00,btc,DOWN,0.700,0.530,16,16,CLOSED,WIN,7.5200,2026-03-06 17:15:00+00,2026-03-06 17:30:00+00,down,68403.61,68405.40,68401.31,569,349.1,8.4800
84355,2026-03-06 17:24:27.550648+00,btc,UP,0.700,0.500,16,16,CLOSED,LOSS,-8.0000,2026-03-06 17:15:00+00,2026-03-06 17:30:00+00,up,68403.61,68395.45,68405.41,567,371.0,8.0000
84353,2026-03-06 17:24:11.692932+00,btc,DOWN,0.700,0.530,8,8,CLOSED,WIN,3.7600,2026-03-06 17:15:00+00,2026-03-06 17:30:00+00,down,68403.61,68410.59,68403.58,551,509.7,4.2400
84054,2026-03-06 16:54:14.533811+00,btc,UP,0.700,0.530,16,16,CLOSED,LOSS,-8.4800,2026-03-06 16:45:00+00,2026-03-06 17:00:00+00,up,68589.74,68586.96,68591.27,554,356.0,8.4800
84052,2026-03-06 16:54:09.613007+00,btc,DOWN,0.700,0.540,16,16,CLOSED,WIN,7.3600,2026-03-06 16:45:00+00,2026-03-06 17:00:00+00,down,68589.74,68591.28,68572.53,549,452.1,8.6400
84049,2026-03-06 16:54:05.695542+00,btc,UP,0.700,0.532,16,16,CLOSED,LOSS,-8.5150,2026-03-06 16:45:00+00,2026-03-06 17:00:00+00,up,68589.74,68573.99,68591.28,545,513.5,8.5150
84046,2026-03-06 16:54:02.750821+00,btc,DOWN,0.700,0.560,16,16,CLOSED,WIN,7.0400,2026-03-06 16:45:00+00,2026-03-06 17:00:00+00,down,68589.74,68599.24,68573.65,542,568.7,8.9600
84039,2026-03-06 16:54:00.523648+00,btc,UP,0.700,0.586,16,15,CLOSED,LOSS,-8.7900,2026-03-06 16:45:00+00,2026-03-06 17:00:00+00,up,68589.74,68588.00,68593.30,540,352.2,8.7900
84036,2026-03-06 16:53:37.885425+00,btc,DOWN,0.700,0.630,16,16,CLOSED,WIN,5.9200,2026-03-06 16:45:00+00,2026-03-06 17:00:00+00,down,68589.74,68597.04,68543.79,517,701.3,10.0800
84027,2026-03-06 16:53:34.486584+00,btc,UP,0.700,0.530,16,16,CLOSED,LOSS,-8.4800,2026-03-06 16:45:00+00,2026-03-06 17:00:00+00,up,68589.74,68578.02,68594.29,514,331.1,8.4800
84025,2026-03-06 16:53:30.540904+00,btc,DOWN,0.700,0.510,16,16,CLOSED,WIN,7.8400,2026-03-06 16:45:00+00,2026-03-06 17:00:00+00,down,68589.74,68592.16,68585.31,510,366.4,8.1600
83999,2026-03-06 16:50:03.623228+00,btc,UP,0.700,0.580,16,16,CLOSED,LOSS,-9.2800,2026-03-06 16:45:00+00,2026-03-06 17:00:00+00,up,68589.74,68587.55,68615.76,303,447.1,9.2800
83993,2026-03-06 16:50:02.677249+00,btc,DOWN,0.700,0.570,8,7,CLOSED,WIN,3.0080,2026-03-06 16:45:00+00,2026-03-06 17:00:00+00,down,68589.74,68589.89,68587.55,302,489.8,3.9920
83898,2026-03-06 16:43:17.489691+00,btc,UP,0.700,0.550,16,16,CLOSED,WIN,7.2000,2026-03-06 16:30:00+00,2026-03-06 16:45:00+00,up,68537.47,68530.00,68537.75,797,322.0,8.8000
83896,2026-03-06 16:43:15.516074+00,btc,DOWN,0.700,0.540,16,16,CLOSED,LOSS,-8.6400,2026-03-06 16:30:00+00,2026-03-06 16:45:00+00,down,68537.47,68537.85,68530.00,795,354.0,8.6400
83862,2026-03-06 16:42:22.530967+00,btc,UP,0.700,0.530,16,16,CLOSED,WIN,7.5164,2026-03-06 16:30:00+00,2026-03-06 16:45:00+00,up,68537.47,68531.81,68537.84,742,354.5,8.4836
83856,2026-03-06 16:42:11.609527+00,btc,DOWN,0.700,0.530,8,8,CLOSED,LOSS,-4.2400,2026-03-06 16:30:00+00,2026-03-06 16:45:00+00,down,68537.47,68543.81,68535.16,731,430.8,4.2400
83804,2026-03-06 16:37:06.698018+00,btc,UP,0.700,0.580,8,8,CLOSED,WIN,3.3600,2026-03-06 16:30:00+00,2026-03-06 16:45:00+00,up,68537.47,68527.54,68550.38,426,506.6,4.6400
83619,2026-03-06 16:22:54.505042+00,btc,UP,0.700,0.530,16,16,CLOSED,WIN,7.5200,2026-03-06 16:15:00+00,2026-03-06 16:30:00+00,up,68333.77,68330.37,68334.54,474,336.9,8.4800
83607,2026-03-06 16:22:11.51308+00,btc,DOWN,0.700,0.490,16,16,CLOSED,LOSS,-7.8400,2026-03-06 16:15:00+00,2026-03-06 16:30:00+00,down,68333.77,68340.46,68333.18,431,345.4,7.8400
83605,2026-03-06 16:22:07.520903+00,btc,UP,0.700,0.540,16,16,CLOSED,WIN,7.3600,2026-03-06 16:15:00+00,2026-03-06 16:30:00+00,up,68333.77,68331.73,68338.00,427,340.3,8.6400
83603,2026-03-06 16:22:03.562202+00,btc,DOWN,0.700,0.490,16,16,CLOSED,LOSS,-7.8400,2026-03-06 16:15:00+00,2026-03-06 16:30:00+00,down,68333.77,68337.26,68331.73,423,388.1,7.8400
83600,2026-03-06 16:21:58.525809+00,btc,UP,0.700,0.530,16,16,CLOSED,WIN,7.5178,2026-03-06 16:15:00+00,2026-03-06 16:30:00+00,up,68333.77,68330.98,68335.45,418,348.5,8.4822
83597,2026-03-06 16:21:57.503499+00,btc,DOWN,0.700,0.522,16,15,CLOSED,LOSS,-7.8300,2026-03-06 16:15:00+00,2026-03-06 16:30:00+00,down,68333.77,68335.45,68330.98,417,359.5,7.8300
83594,2026-03-06 16:21:52.521824+00,btc,UP,0.700,0.550,16,16,CLOSED,WIN,7.2000,2026-03-06 16:15:00+00,2026-03-06 16:30:00+00,up,68333.77,68332.99,68343.22,412,344.4,8.8000
83584,2026-03-06 16:21:30.551349+00,btc,DOWN,0.700,0.500,16,16,CLOSED,LOSS,-8.0000,2026-03-06 16:15:00+00,2026-03-06 16:30:00+00,down,68333.77,68341.99,68326.56,390,380.6,8.0000
83578,2026-03-06 16:20:47.807808+00,btc,UP,0.700,0.541,16,16,CLOSED,WIN,7.3404,2026-03-06 16:15:00+00,2026-03-06 16:30:00+00,up,68333.77,68311.91,68346.59,347,614.1,8.6596
83571,2026-03-06 16:20:34.572509+00,btc,DOWN,0.700,0.520,8,8,CLOSED,LOSS,-4.1600,2026-03-06 16:15:00+00,2026-03-06 16:30:00+00,down,68333.77,68334.55,68324.88,334,394.6,4.1600
83419,2026-03-06 16:09:12.546788+00,btc,DOWN,0.700,0.490,8,8,CLOSED,WIN,4.0800,2026-03-06 16:00:00+00,2026-03-06 16:15:00+00,down,68504.71,68508.28,68500.01,552,371.2,3.9200
83049,2026-03-06 15:36:36.458277+00,btc,UP,0.700,0.629,16,15,CLOSED,LOSS,-9.4300,2026-03-06 15:30:00+00,2026-03-06 15:45:00+00,up,68886.86,68886.22,68892.23,396,326.6,9.4300
83047,2026-03-06 15:36:33.548827+00,btc,DOWN,0.700,0.450,16,16,CLOSED,WIN,8.8000,2026-03-06 15:30:00+00,2026-03-06 15:45:00+00,down,68886.86,68889.29,68886.21,393,416.5,7.2000
83038,2026-03-06 15:35:50.505834+00,btc,UP,0.700,0.600,8,8,CLOSED,LOSS,-4.8000,2026-03-06 15:30:00+00,2026-03-06 15:45:00+00,up,68886.86,68886.22,68895.63,350,374.1,4.8000
82686,2026-03-06 15:11:23.485271+00,btc,UP,0.700,0.570,16,16,CLOSED,WIN,6.8800,2026-03-06 15:00:00+00,2026-03-06 15:15:00+00,up,68409.89,68408.00,68430.98,683,352.6,9.1200
82681,2026-03-06 15:11:18.492177+00,btc,DOWN,0.700,0.510,16,16,CLOSED,LOSS,-8.1600,2026-03-06 15:00:00+00,2026-03-06 15:15:00+00,down,68409.89,68413.80,68400.19,678,358.4,8.1600
82676,2026-03-06 15:11:17.871321+00,btc,UP,0.700,0.520,16,16,CLOSED,WIN,7.6800,2026-03-06 15:00:00+00,2026-03-06 15:15:00+00,up,68409.89,68399.07,68413.80,677,736.7,8.3200
82655,2026-03-06 15:10:52.538304+00,btc,DOWN,0.700,0.530,16,16,CLOSED,LOSS,-8.4800,2026-03-06 15:00:00+00,2026-03-06 15:15:00+00,down,68409.89,68415.68,68399.57,652,405.8,8.4800
82641,2026-03-06 15:10:26.47843+00,btc,UP,0.700,0.510,16,16,CLOSED,WIN,7.8400,2026-03-06 15:00:00+00,2026-03-06 15:15:00+00,up,68409.89,68406.49,68415.68,626,345.6,8.1600
82618,2026-03-06 15:09:25.616997+00,btc,DOWN,0.700,0.540,16,16,CLOSED,LOSS,-8.6400,2026-03-06 15:00:00+00,2026-03-06 15:15:00+00,down,68409.89,68419.76,68403.22,565,483.6,8.6400
82596,2026-03-06 15:08:21.521052+00,btc,UP,0.700,0.510,16,16,CLOSED,WIN,7.8400,2026-03-06 15:00:00+00,2026-03-06 15:15:00+00,up,68409.89,68406.32,68418.55,501,388.2,8.1600
82594,2026-03-06 15:08:18.511883+00,btc,DOWN,0.700,0.593,8,7,CLOSED,LOSS,-4.1520,2026-03-06 15:00:00+00,2026-03-06 15:15:00+00,down,68409.89,68416.05,68406.60,498,378.4,4.1520
81173,2026-03-06 13:43:41.484888+00,btc,UP,0.700,0.541,16,16,CLOSED,WIN,7.3386,2026-03-06 13:30:00+00,2026-03-06 13:45:00+00,up,70060.84,70057.80,70070.75,821,347.8,8.6614
81087,2026-03-06 13:40:15.471713+00,btc,DOWN,0.700,0.600,16,16,CLOSED,LOSS,-9.6000,2026-03-06 13:30:00+00,2026-03-06 13:45:00+00,down,70060.84,70067.73,70053.01,615,336.0,9.6000
81085,2026-03-06 13:40:11.538493+00,btc,UP,0.700,0.450,16,16,CLOSED,WIN,8.8000,2026-03-06 13:30:00+00,2026-03-06 13:45:00+00,up,70060.84,70057.80,70062.27,611,403.2,7.2000
81083,2026-03-06 13:40:10.523729+00,btc,DOWN,0.700,0.590,8,8,CLOSED,LOSS,-4.7200,2026-03-06 13:30:00+00,2026-03-06 13:45:00+00,down,70060.84,70070.76,70057.80,610,388.3,4.7200
80748,2026-03-06 13:24:25.514595+00,btc,UP,0.700,0.582,16,16,CLOSED,WIN,6.6850,2026-03-06 13:15:00+00,2026-03-06 13:30:00+00,up,70003.03,70000.00,70012.09,565,382.1,9.3150
80729,2026-03-06 13:20:08.559438+00,btc,DOWN,0.700,0.550,8,8,CLOSED,LOSS,-4.4000,2026-03-06 13:15:00+00,2026-03-06 13:30:00+00,down,70003.03,70009.19,69998.09,308,425.6,4.4000
80319,2026-03-06 11:35:48.230401+00,btc,UP,0.700,,8,0,FAILED,,,2026-03-06 11:30:00+00,2026-03-06 11:45:00+00,up,70547.97,70539.26,70551.70,348,97.0,0.0000
80241,2026-03-06 11:21:12.209628+00,btc,UP,0.700,,8,0,FAILED,,,2026-03-06 11:15:00+00,2026-03-06 11:30:00+00,up,70552.31,70546.74,70557.99,372,70.1,0.0000
80175,2026-03-06 11:12:10.211354+00,btc,UP,0.700,,8,0,FAILED,,,2026-03-06 11:00:00+00,2026-03-06 11:15:00+00,up,70527.93,70525.34,70529.70,730,79.0,0.0000
80076,2026-03-06 10:52:28.213016+00,btc,UP,0.700,,8,0,FAILED,,,2026-03-06 10:45:00+00,2026-03-06 11:00:00+00,up,70565.63,70559.99,70568.85,448,79.5,0.0000
79938,2026-03-06 10:20:27.223703+00,btc,UP,0.700,,8,0,FAILED,,,2026-03-06 10:15:00+00,2026-03-06 10:30:00+00,up,70689.57,70681.19,70690.25,327,90.5,0.0000
79775,2026-03-06 09:50:21.199249+00,btc,UP,0.700,,8,0,FAILED,,,2026-03-06 09:45:00+00,2026-03-06 10:00:00+00,up,70551.88,70539.59,70559.01,321,65.0,0.0000
79674,2026-03-06 09:38:34.202325+00,btc,UP,0.700,,8,0,FAILED,,,2026-03-06 09:30:00+00,2026-03-06 09:45:00+00,up,70411.58,70405.76,70413.55,514,83.5,0.0000
79544,2026-03-06 09:20:19.23769+00,btc,DOWN,0.700,,8,0,FAILED,,,2026-03-06 09:15:00+00,2026-03-06 09:30:00+00,down,70572.00,70574.87,70563.65,319,105.1,0.0000
79481,2026-03-06 09:07:06.209712+00,btc,UP,0.700,,8,0,FAILED,,,2026-03-06 09:00:00+00,2026-03-06 09:15:00+00,up,70789.49,70783.51,70790.25,426,75.9,0.0000
79131,2026-03-06 07:58:35.475732+00,btc,UP,0.590,0.601,94,108,CLOSED,LOSS,-64.8600,2026-03-06 07:45:00+00,2026-03-06 08:00:00+00,up,71075.56,71074.99,71077.10,815,342.3,64.8600
79118,2026-03-06 07:58:02.56653+00,btc,DOWN,0.500,0.504,68,81,CLOSED,WIN,40.2000,2026-03-06 07:45:00+00,2026-03-06 08:00:00+00,down,71075.56,71078.54,71071.42,782,432.5,40.8000
79114,2026-03-06 07:57:58.4756+00,btc,UP,0.600,0.607,52,60,CLOSED,LOSS,-36.4000,2026-03-06 07:45:00+00,2026-03-06 08:00:00+00,up,71075.56,71074.32,71078.53,778,342.4,36.4000
79110,2026-03-06 07:57:56.528591+00,btc,DOWN,0.420,0.488,46,49,CLOSED,WIN,25.0800,2026-03-06 07:45:00+00,2026-03-06 08:00:00+00,down,71075.56,71080.31,71074.32,776,395.5,23.9200
79101,2026-03-06 07:57:01.711098+00,btc,UP,0.520,0.592,42,44,CLOSED,LOSS,-26.0400,2026-03-06 07:45:00+00,2026-03-06 08:00:00+00,up,71075.56,71064.70,71085.23,721,576.8,26.0400
79098,2026-03-06 07:56:38.481902+00,btc,DOWN,0.500,0.500,30,36,CLOSED,WIN,18.0000,2026-03-06 07:45:00+00,2026-03-06 08:00:00+00,down,71075.56,71077.20,71071.22,698,347.1,18.0000
79095,2026-03-06 07:56:36.460211+00,btc,UP,0.470,0.550,28,29,CLOSED,LOSS,-15.9600,2026-03-06 07:45:00+00,2026-03-06 08:00:00+00,up,71075.56,71067.90,71077.54,696,324.9,15.9600
79093,2026-03-06 07:56:31.572601+00,btc,DOWN,0.490,0.545,24,26,CLOSED,WIN,11.8400,2026-03-06 07:45:00+00,2026-03-06 08:00:00+00,down,71075.56,71081.78,71067.91,691,438.9,14.1600
79082,2026-03-06 07:56:03.513518+00,btc,UP,0.550,0.591,20,22,CLOSED,LOSS,-13.0000,2026-03-06 07:45:00+00,2026-03-06 08:00:00+00,up,71075.56,71075.12,71084.04,663,379.2,13.0000
79078,2026-03-06 07:56:01.810268+00,btc,DOWN,0.430,0.477,9,10,CLOSED,WIN,5.2300,2026-03-06 07:45:00+00,2026-03-06 08:00:00+00,down,71075.56,71084.19,71075.12,661,677.0,4.7700
78829,2026-03-06 07:10:48.464587+00,btc,DOWN,0.570,0.631,16,17,CLOSED,WIN,6.2800,2026-03-06 07:00:00+00,2026-03-06 07:15:00+00,down,70597.23,70598.00,70595.72,648,331.3,10.7200
78827,2026-03-06 07:10:46.486869+00,btc,UP,0.420,0.446,12,14,CLOSED,LOSS,-6.2400,2026-03-06 07:00:00+00,2026-03-06 07:15:00+00,up,70597.23,70593.76,70598.01,646,354.5,6.2400
78825,2026-03-06 07:10:45.537003+00,btc,DOWN,0.590,0.690,6,6,CLOSED,WIN,1.8600,2026-03-06 07:00:00+00,2026-03-06 07:15:00+00,down,70597.23,70604.42,70593.76,645,403.5,4.1400
78748,2026-03-06 06:51:36.465031+00,btc,DOWN,0.540,2.074,7,8,CLOSED,WIN,4.0000,2026-03-06 06:45:00+00,2026-03-06 07:00:00+00,down,70669.01,70671.54,70664.46,396,332.6,8.2963
